job_id,job_title,company,salary,city,exp,link
2170822,Kỹ Sư AI Thị Giác Máy Tính - Có Xe Đưa Đón,CÔNG TY TNHH MEKTEC MANUFACTURING (VIỆT NAM),Thoả thuận,Hưng Yên (mới) & Hà Nội,3 năm,https://www.topcv.vn/viec-lam/ky-su-ai-thi-giac-may-tinh-co-xe-dua-don/2170822.html?ta_source=JobSearchList_LinkDetail&u_sr_id=kSUctBh3WRHWwsfCERWWwblpIw1Nge4kQbt3vnGA_1789492167
2293431,Data Analyst (Mobile App) - Sign In Bonus Upto 1 Tháng Lương Trong Tháng 9/2026,CÔNG TY CỔ PHẦN IKAME GLOBAL,"Tới 1,500 USD",Hà Nội,2 năm,https://www.topcv.vn/viec-lam/data-analyst-mobile-app-sign-in-bonus-upto-1-thang-luong-trong-thang-9-2026/2293431.html?ta_source=JobSearchList_LinkDetail&u_sr_id=kSUctBh3WRHWwsfCERWWwblpIw1Nge4kQbt3vnGA_1789492167
2293783,Nhân Viên Kỹ Thuật - IT,CÔNG TY LIÊN DOANH KHÁCH SẠN TRÁCH NHIỆM HỮU HẠN HÀ NỘI HOTEL,10 - 16 triệu,Hà Nội,1 năm,https://www.topcv.vn/viec-lam/nhan-vien-ky-thuat-it/2293783.html?ta_source=JobSearchList_LinkDetail&u_sr_id=kSUctBh3WRHWwsfCERWWwblpIw1Nge4kQbt3vnGA_1789492167
2295735,Product Owner - JLPT N1,Công ty Cổ phần NAL Việt Nam,30 - 50 triệu,Hà Nội,3 năm,https://www.topcv.vn/viec-lam/product-owner-jlpt-n1/2295735.html?ta_source=JobSearchList_LinkDetail&u_sr_id=kSUctBh3WRHWwsfCERWWwblpIw1Nge4kQbt3vnGA_1789492167
2297643,Nhân Viên Cố Vấn Phần Mềm ERP | Lương 18 Triệu | Làm Việc Tại Bắc Ninh,CÔNG TY CỔ PHẦN PHẦN MỀM DI GI WIN VIỆT NAM,Từ 18 triệu,Bắc Ninh (mới),1 năm,https://www.topcv.vn/viec-lam/nhan-vien-co-van-phan-mem-erp-luong-18-trieu-lam-viec-tai-bac-ninh/2297643.html?ta_source=JobSearchList_LinkDetail&u_sr_id=kSUctBh3WRHWwsfCERWWwblpIw1Nge4kQbt3vnGA_1789492167
2298916,Chuyên Viên Quản Trị Hệ Thống - System Administrator (Cầu Giấy - Hà Nội),Công ty cổ phần FDS,Thoả thuận,Hà Nội,2 năm,https://www.topcv.vn/viec-lam/chuyen-vien-quan-tri-he-thong-system-administrator-cau-giay-ha-noi/2298916.html?ta_source=JobSearchList_LinkDetail&u_sr_id=kSUctBh3WRHWwsfCERWWwblpIw1Nge4kQbt3vnGA_1789492167
2287835,Lập Trình PLC (Thu Nhập 10-40 Triệu/Tháng) Tại Yên Phong- Bắc Ninh,CÔNG TY TNHH ETS VINA,10 - 40 triệu,Bắc Ninh (mới),1 năm,https://www.topcv.vn/viec-lam/lap-trinh-plc-thu-nhap-10-40-trieu-thang-tai-yen-phong-bac-ninh/2287835.html?ta_source=JobSearchList_LinkDetail&u_sr_id=kSUctBh3WRHWwsfCERWWwblpIw1Nge4kQbt3vnGA_1789492167
2289298,Senior Network/ Server Engineer - 5 Years Of Experience - Ho Chi Minh City - Attractive Benefits And A Competitive Salary,CHI NHÁNH CÔNG TY TNHH KDDI VIỆT NAM TẠI THÀNH PHỐ HỒ CHÍ MINH,Thoả thuận,Hồ Chí Minh (mới),5 năm,https://www.topcv.vn/viec-lam/senior-network-server-engineer-5-years-of-experience-ho-chi-minh-city-attractive-benefits-and-a-competitive-salary/2289298.html?ta_source=JobSearchList_LinkDetail&u_sr_id=kSUctBh3WRHWwsfCERWWwblpIw1Nge4kQbt3vnGA_1789492167
2292302,Technical Leader / Tech Lead – SaaS & AI Products_05 Năm Kinh Nghiệm _ Đi Làm Ngay,CÔNG TY TNHH CÔNG NGHỆ UMBALABS,Thoả thuận,Hồ Chí Minh (mới),Trên 5 năm,https://www.topcv.vn/viec-lam/technical-leader-tech-lead-saas-ai-products-05-nam-kinh-nghiem-di-lam-ngay/2292302.html?ta_source=JobSearchList_LinkDetail&u_sr_id=kSUctBh3WRHWwsfCERWWwblpIw1Nge4kQbt3vnGA_1789492167
2102055,Kỹ Sư Lập Trình Gia Công CNC Mastercam,Công ty Cổ phần Công nghiệp KIMSEN,15 - 20 triệu,Bắc Ninh (mới),2 năm,https://www.topcv.vn/brand/congnghiepkimsen/tuyen-dung/ky-su-lap-trinh-gia-cong-cnc-mastercam-j2102055.html?ta_source=JobSearchList_LinkDetail&u_sr_id=kSUctBh3WRHWwsfCERWWwblpIw1Nge4kQbt3vnGA_1789492167
2297755,Kỹ Sư Lập Trình Nhúng C/C++,Công ty TNHH Công Nghệ Dicom,Thoả thuận,Hà Nội,Dưới 1 năm,https://www.topcv.vn/viec-lam/ky-su-lap-trinh-nhung-c-c/2297755.html?ta_source=JobSearchList_LinkDetail&u_sr_id=kSUctBh3WRHWwsfCERWWwblpIw1Nge4kQbt3vnGA_1789492167
2298644,Head Of Engineering - HCMC,TopCV Search,300 - 320 triệu,Hồ Chí Minh (mới),Trên 5 năm,https://www.topcv.vn/viec-lam/head-of-engineering-hcmc/2298644.html?ta_source=JobSearchList_LinkDetail&u_sr_id=kSUctBh3WRHWwsfCERWWwblpIw1Nge4kQbt3vnGA_1789492167
2296294,Nhân Viên Sales Marketing/Tư Vấn Triển Khai Phần Mềm Thu Nhập Đến 20Tr (Không Cần Kinh Nghiệm) - Quận 12,CÔNG TY TNHH CÔNG NGHỆ PHẦN MỀM NASANI,10 - 20 triệu,Hồ Chí Minh (mới),Không yêu cầu,https://www.topcv.vn/viec-lam/nhan-vien-sales-marketing-tu-van-trien-khai-phan-mem-thu-nhap-den-20tr-khong-can-kinh-nghiem-quan-12/2296294.html?ta_source=JobSearchList_LinkDetail&u_sr_id=kSUctBh3WRHWwsfCERWWwblpIw1Nge4kQbt3vnGA_1789492167
2294359,"Nhân Viên IT Website WordPress - Từ 1 Năm Kinh Nghiệm - Tại Lê Văn Sỹ, Phường Nhiêu Lộc, HCM",CÔNG TY TNHH ĐẦU TƯ GIÁO DỤC VÀ CÔNG NGHỆ BẢN VIỆT,10 - 15 triệu,Hồ Chí Minh (mới),1 năm,https://www.topcv.vn/viec-lam/nhan-vien-it-website-wordpress-tu-1-nam-kinh-nghiem-tai-le-van-sy-phuong-nhieu-loc-hcm/2294359.html?ta_source=JobSearchList_LinkDetail&u_sr_id=kSUctBh3WRHWwsfCERWWwblpIw1Nge4kQbt3vnGA_1789492167
1290249,Nhân Viên QA - Công Ty Dược Phẩm,CÔNG TY TNHH LIVESPO PHARMA,10 - 14 triệu,Hà Nội,1 năm,https://www.topcv.vn/viec-lam/nhan-vien-qa-cong-ty-duoc-pham/1290249.html?ta_source=JobSearchList_LinkDetail&u_sr_id=kSUctBh3WRHWwsfCERWWwblpIw1Nge4kQbt3vnGA_1789492167
2298163,Technical Leader - Fullstack Nodejs - Hà Nội,CÔNG TY CỔ PHẦN CÔNG NGHỆ TRINITY,Thoả thuận,Hà Nội,Trên 5 năm,https://www.topcv.vn/viec-lam/technical-leader-fullstack-nodejs-ha-noi/2298163.html?ta_source=JobSearchList_LinkDetail&u_sr_id=kSUctBh3WRHWwsfCERWWwblpIw1Nge4kQbt3vnGA_1789492167
2298773,Video AI Marketing,CÔNG TY TNHH IMPLANT NHA KHOA I-DENT,Thoả thuận,Hồ Chí Minh (mới),Dưới 1 năm,https://www.topcv.vn/viec-lam/video-ai-marketing/2298773.html?ta_source=JobSearchList_LinkDetail&u_sr_id=kSUctBh3WRHWwsfCERWWwblpIw1Nge4kQbt3vnGA_1789492167
2297827,Data Engineer,Viettel IDC,Thoả thuận,Hà Nội,3 năm,https://www.topcv.vn/viec-lam/data-engineer/2297827.html?ta_source=JobSearchList_LinkDetail&u_sr_id=kSUctBh3WRHWwsfCERWWwblpIw1Nge4kQbt3vnGA_1789492167
2298391,Manual Tester (Kiểm Thử Phần Mềm),Edufit,13 - 15 triệu,Hà Nội,2 năm,https://www.topcv.vn/viec-lam/manual-tester-kiem-thu-phan-mem/2298391.html?ta_source=JobSearchList_LinkDetail&u_sr_id=kSUctBh3WRHWwsfCERWWwblpIw1Nge4kQbt3vnGA_1789492167
2300763,Data Analyst - Vận Hành Xanh Bike - Làm Việc Tại Royal City Hà Nội,CÔNG TY CỔ PHẦN DI CHUYỂN XANH VÀ THÔNG MINH GSM,Thoả thuận,Hà Nội,Không yêu cầu,https://www.topcv.vn/viec-lam/data-analyst-van-hanh-xanh-bike-lam-viec-tai-royal-city-ha-noi/2300763.html?ta_source=JobSearchList_LinkDetail&u_sr_id=kSUctBh3WRHWwsfCERWWwblpIw1Nge4kQbt3vnGA_1789492167
2301090,Thực Tập Sinh AI-Big Data,Công Ty Cổ Phần Đầu Tư Thương Mại Và Phát Triển Công Nghệ FSI,Thoả thuận,Hà Nội,Không yêu cầu,https://www.topcv.vn/viec-lam/thuc-tap-sinh-ai-big-data/2301090.html?ta_source=JobSearchList_LinkDetail&u_sr_id=kSUctBh3WRHWwsfCERWWwblpIw1Nge4kQbt3vnGA_1789492167
1159023,Senior Automation Tester (Dự Án E-Banking),Ngân hàng SHB,Thoả thuận,Hà Nội,3 năm,https://www.topcv.vn/viec-lam/senior-automation-tester-du-an-e-banking/1159023.html?ta_source=JobSearchList_LinkDetail&u_sr_id=kSUctBh3WRHWwsfCERWWwblpIw1Nge4kQbt3vnGA_1789492167
1967828,Level Modeler Tại HCM (Lương Từ 25tr -40tr),CÔNG TY TNHH VLAST VIỆT NAM,25 - 40 triệu,Hồ Chí Minh (mới),Không yêu cầu,https://www.topcv.vn/viec-lam/level-modeler-tai-hcm-luong-tu-25tr-40tr/1967828.html?ta_source=JobSearchList_LinkDetail&u_sr_id=kSUctBh3WRHWwsfCERWWwblpIw1Nge4kQbt3vnGA_1789492167
2204367,Kỹ Sư Dữ Liệu,TỔNG CÔNG TY MẠNG LƯỚI VIETTEL-CHI NHÁNH TẬP ĐOÀN CÔNG NGHIỆP-VIỄN THÔNG QUÂN ĐỘI,20 - 50 triệu,Hà Nội,1 năm,https://www.topcv.vn/viec-lam/ky-su-du-lieu/2204367.html?ta_source=JobSearchList_LinkDetail&u_sr_id=kSUctBh3WRHWwsfCERWWwblpIw1Nge4kQbt3vnGA_1789492167
2166715,Business Analyst,CÔNG TY CỔ PHẦN THƯƠNG MẠI VÀ LIÊN KẾT NANO,15 - 20 triệu,Hà Nội,2 năm,https://www.topcv.vn/brand/happymoney/tuyen-dung/business-analyst-j2166715.html?ta_source=JobSearchList_LinkDetail&u_sr_id=kSUctBh3WRHWwsfCERWWwblpIw1Nge4kQbt3vnGA_1789492167
2296084,Data Engineer,Công Ty TNHH LG CNS VIỆT NAM,Thoả thuận,Hà Nội,3 năm,https://www.topcv.vn/viec-lam/data-engineer/2296084.html?ta_source=JobSearchList_LinkDetail&u_sr_id=kSUctBh3WRHWwsfCERWWwblpIw1Nge4kQbt3vnGA_1789492167
2026268,Sales Specialist,TỔNG CÔNG TY CÔNG NGHIỆP CÔNG NGHỆ CAO VIETTEL,"800 - 2,500 USD",Hà Nội,2 năm,https://www.topcv.vn/viec-lam/sales-specialist/2026268.html?ta_source=JobSearchList_LinkDetail&u_sr_id=kSUctBh3WRHWwsfCERWWwblpIw1Nge4kQbt3vnGA_1789492167
2277726,Trưởng Nhóm Kinh Doanh - Sales Leader (Lương Cứng 12 – 15 Triệu/Tháng),CÔNG TY CỔ PHẦN ĐẦU TƯ VÀ CÔNG NGHỆ DNL,25 - 30 triệu,Hà Nội,2 năm,https://www.topcv.vn/viec-lam/truong-nhom-kinh-doanh-sales-leader-luong-cung-12-15-trieu-thang/2277726.html?ta_source=JobSearchList_LinkDetail&u_sr_id=kSUctBh3WRHWwsfCERWWwblpIw1Nge4kQbt3vnGA_1789492167
2073592,Senior IT System Engineer/ Kỹ Sư IT (Level 3),Công ty TNHH Designlive,Thoả thuận,Hồ Chí Minh (mới),4 năm,https://www.topcv.vn/viec-lam/senior-it-system-engineer-ky-su-it-level-3/2073592.html?ta_source=JobSearchList_LinkDetail&u_sr_id=kSUctBh3WRHWwsfCERWWwblpIw1Nge4kQbt3vnGA_1789492167
2291052,Sales Engineer/Nhân Viên Kinh Doanh/ Bán Hàng Kỹ Thuật - Data Có Sẵn - Lương Upto 35 Triệu (Hà Nội),Công ty cổ phần giải pháp và thiết bị VHB Việt Nam,15 - 35 triệu,Hà Nội,Không yêu cầu,https://www.topcv.vn/viec-lam/sales-engineer-nhan-vien-kinh-doanh-ban-hang-ky-thuat-data-co-san-luong-upto-35-trieu-ha-noi/2291052.html?ta_source=JobSearchList_LinkDetail&u_sr_id=kSUctBh3WRHWwsfCERWWwblpIw1Nge4kQbt3vnGA_1789492167
2292638,Nhân Viên CNTT Không Yêu Cầu Kinh Nghiệm,CÔNG TY TNHH CÔNG NGHỆ PHẦN MỀM NASANI,8 - 15 triệu,Hồ Chí Minh (mới),Không yêu cầu,https://www.topcv.vn/viec-lam/nhan-vien-cntt-khong-yeu-cau-kinh-nghiem/2292638.html?ta_source=JobSearchList_LinkDetail&u_sr_id=kSUctBh3WRHWwsfCERWWwblpIw1Nge4kQbt3vnGA_1789492167
2292668,Nhân Viên Tư Vấn Triển Khai Phần Mềm Thu Nhập Đến 20Tr - Được Đào Tạo,CÔNG TY TNHH CÔNG NGHỆ PHẦN MỀM NASANI,8 - 20 triệu,Hồ Chí Minh (mới),Không yêu cầu,https://www.topcv.vn/viec-lam/nhan-vien-tu-van-trien-khai-phan-mem-thu-nhap-den-20tr-duoc-dao-tao/2292668.html?ta_source=JobSearchList_LinkDetail&u_sr_id=kSUctBh3WRHWwsfCERWWwblpIw1Nge4kQbt3vnGA_1789492167
2292797,"Kỹ Sư Thiết Kế Tủ Điện, Lập Trình PLC - Yêu  Cầu 2 Năm  Kinh Nghiệm Trở Lên - Thu Nhập Từ 15-25 Triệu/ Tháng",CÔNG TY CỔ PHẦN GIẢI PHÁP CÔNG NGHỆ VIETEK,15 - 25 triệu,Hà Nội,2 năm,https://www.topcv.vn/viec-lam/ky-su-thiet-ke-tu-dien-lap-trinh-plc-yeu-cau-2-nam-kinh-nghiem-tro-len-thu-nhap-tu-15-25-trieu-thang/2292797.html?ta_source=JobSearchList_LinkDetail&u_sr_id=kSUctBh3WRHWwsfCERWWwblpIw1Nge4kQbt3vnGA_1789492167
2274506,Expert Devsecops,NGÂN HÀNG THƯƠNG MẠI CỔ PHẦN KỸ THƯƠNG VIỆT NAM,Thoả thuận,Hà Nội,Trên 5 năm,https://www.topcv.vn/viec-lam/expert-devsecops/2274506.html?ta_source=JobSearchList_LinkDetail&u_sr_id=kSUctBh3WRHWwsfCERWWwblpIw1Nge4kQbt3vnGA_1789492167
2291356,Digital Leadership - ID10550,Ngân Hàng TMCP Việt Nam Thịnh Vượng (VPBank),Thoả thuận,Hà Nội,Trên 5 năm,https://www.topcv.vn/brand/vpbank/tuyen-dung/digital-leadership-id10550-j2291356.html?ta_source=JobSearchList_LinkDetail&u_sr_id=kSUctBh3WRHWwsfCERWWwblpIw1Nge4kQbt3vnGA_1789492167
2291737,Associate Product Manager (Sản Phẩm Tài Chính Khối Cơ Quan Nhà Nước),Công ty Cổ phần MISA,Thoả thuận,Hà Nội,2 năm,https://www.topcv.vn/viec-lam/associate-product-manager-san-pham-tai-chinh-khoi-co-quan-nha-nuoc/2291737.html?ta_source=JobSearchList_LinkDetail&u_sr_id=kSUctBh3WRHWwsfCERWWwblpIw1Nge4kQbt3vnGA_1789492167
2293972,Chuyên Viên Ứng Dụng AI (Senior AI/ Gen AI Engineer),TỔNG CÔNG TY VIỄN THÔNG VIETTEL - CHI NHÁNH TẬP ĐOÀN CÔNG NGHIỆP - VIỄN THÔNG QUÂN ĐỘI,Thoả thuận,Hà Nội,3 năm,https://www.topcv.vn/viec-lam/chuyen-vien-ung-dung-ai-senior-ai-gen-ai-engineer/2293972.html?ta_source=JobSearchList_LinkDetail&u_sr_id=kSUctBh3WRHWwsfCERWWwblpIw1Nge4kQbt3vnGA_1789492167
2301134,Chuyên Viên Kinh Doanh Bán Thêm Nền Tảng Chuyển Đổi Số MISA AMIS,Công ty Cổ phần MISA,10 - 12 triệu,Hồ Chí Minh (mới),Dưới 1 năm,https://www.topcv.vn/brand/misa/tuyen-dung/chuyen-vien-kinh-doanh-ban-them-nen-tang-chuyen-doi-so-misa-amis-j2301134.html?ta_source=JobSearchList_LinkDetail&u_sr_id=kSUctBh3WRHWwsfCERWWwblpIw1Nge4kQbt3vnGA_1789492167
2148214,Kỹ Thuật Viên Lập Trình Vận Hành Máy Phay CNC (Biết Mastercam /Gia Công Cơ Khí - Hàng Lẻ),CÔNG TY TNHH CTI VN,12 - 20 triệu,Hồ Chí Minh (mới),1 năm,https://www.topcv.vn/viec-lam/ky-thuat-vien-lap-trinh-van-hanh-may-phay-cnc-biet-mastercam-gia-cong-co-khi-hang-le/2148214.html?ta_source=JobSearchList_LinkDetail&u_sr_id=kSUctBh3WRHWwsfCERWWwblpIw1Nge4kQbt3vnGA_1789492167
2240408,Kỹ Thuật Viên Gia Công Phay CNC (Ưu Tiên Biết Lập Trình Mastercam),CÔNG TY TNHH CTI VN,12 - 18 triệu,Hồ Chí Minh (mới),Không yêu cầu,https://www.topcv.vn/viec-lam/ky-thuat-vien-gia-cong-phay-cnc-uu-tien-biet-lap-trinh-mastercam/2240408.html?ta_source=JobSearchList_LinkDetail&u_sr_id=kSUctBh3WRHWwsfCERWWwblpIw1Nge4kQbt3vnGA_1789492167
2291865,"AI & IT Support Specialist  - Tiếng Anh Tốt - 1 Năm Kinh Nghiệm - Làm Việc Tại Long Bình, HCM - Phúc Lợi Tốt, Thu Nhập 10 - 15 Triệu",CÔNG TY TNHH GIẢI PHÁP TỐT - GFT,9.9 - 15.4 triệu,Hồ Chí Minh (mới),1 năm,https://www.topcv.vn/viec-lam/ai-it-support-specialist-tieng-anh-tot-1-nam-kinh-nghiem-lam-viec-tai-long-binh-hcm-phuc-loi-tot-thu-nhap-10-15-trieu/2291865.html?ta_source=JobSearchList_LinkDetail&u_sr_id=kSUctBh3WRHWwsfCERWWwblpIw1Nge4kQbt3vnGA_1789492167
2294198,Nhân Viên Hành Chính: Gán Nhãn Dữ Liệu Hình Ảnh AI - Không Yêu Cầu Kinh Nghiệm,CÔNG TY TNHH ALCHERA VIỆT NAM,6.8 - 10 triệu,Hồ Chí Minh (mới),Không yêu cầu,https://www.topcv.vn/viec-lam/nhan-vien-hanh-chinh-gan-nhan-du-lieu-hinh-anh-ai-khong-yeu-cau-kinh-nghiem/2294198.html?ta_source=JobSearchList_LinkDetail&u_sr_id=kSUctBh3WRHWwsfCERWWwblpIw1Nge4kQbt3vnGA_1789492167
2078142,Kiểm Thử/Tester Mobile Apps: IOS & Android,CÔNG TY CỔ PHẦN TOH GROUP,Thoả thuận,Hà Nội,1 năm,https://www.topcv.vn/viec-lam/kiem-thu-tester-mobile-apps-ios-android/2078142.html?ta_source=JobSearchList_LinkDetail&u_sr_id=kSUctBh3WRHWwsfCERWWwblpIw1Nge4kQbt3vnGA_1789492167
2148612,Nhân Viên Vận Hành Máy Phay CNC/Cơ Khí- Setup Giỏi Đào Tạo Lên Lập Trình,CÔNG TY TNHH CTI VN,10 - 18 triệu,Hồ Chí Minh (mới),Không yêu cầu,https://www.topcv.vn/viec-lam/nhan-vien-van-hanh-may-phay-cnc-co-khi-setup-gioi-dao-tao-len-lap-trinh/2148612.html?ta_source=JobSearchList_LinkDetail&u_sr_id=kSUctBh3WRHWwsfCERWWwblpIw1Nge4kQbt3vnGA_1789492167
2300170,HTML Trainee,CÔNG TY TRÁCH NHIỆM HỮU HẠN MỘT THÀNH VIÊN THƯƠNG MẠI & DỊCH VỤ FASTCODING VIỆT NAM,8 - 10 triệu,Đà Nẵng (mới),Không yêu cầu,https://www.topcv.vn/viec-lam/html-trainee/2300170.html?ta_source=JobSearchList_LinkDetail&u_sr_id=kSUctBh3WRHWwsfCERWWwblpIw1Nge4kQbt3vnGA_1789492167
2301984,Kỹ Sư Lập Trình CNC,Công ty Cổ phần Apillis Việt Nam,Thoả thuận,Hồ Chí Minh (mới),2 năm,https://www.topcv.vn/viec-lam/ky-su-lap-trinh-cnc/2301984.html?ta_source=JobSearchList_LinkDetail&u_sr_id=kSUctBh3WRHWwsfCERWWwblpIw1Nge4kQbt3vnGA_1789492167
2294217,Design Manager (Mảng Event/Activation),công ty TNHH Engage Plus,20 - 30 triệu,Hồ Chí Minh (mới),Trên 5 năm,https://www.topcv.vn/viec-lam/design-manager-mang-event-activation/2294217.html?ta_source=JobSearchList_LinkDetail&u_sr_id=kSUctBh3WRHWwsfCERWWwblpIw1Nge4kQbt3vnGA_1789492167
2294792,"AEM Developer (Java, Sling, OSGi)",CÔNG TY TNHH SAI DIGITAL,Thoả thuận,Hà Nội,3 năm,https://www.topcv.vn/viec-lam/aem-developer-java-sling-osgi/2294792.html?ta_source=JobSearchList_LinkDetail&u_sr_id=kSUctBh3WRHWwsfCERWWwblpIw1Nge4kQbt3vnGA_1789492167
2298892,IT Support,CÔNG TY TNHH KAIOEN,13 - 18 triệu,Hồ Chí Minh (mới),2 năm,https://www.topcv.vn/viec-lam/it-support/2298892.html?ta_source=JobSearchList_LinkDetail&u_sr_id=kSUctBh3WRHWwsfCERWWwblpIw1Nge4kQbt3vnGA_1789492167
2299676,Nhân Viên Thiết Kế / Designer / Creative Design - Lương Đến 18 Triệu,HỘ KINH DOANH CALLA BEAUTY ( CALLA VẺ ĐẸP),Tới 18 triệu,Đồng Nai (mới),1 năm,https://www.topcv.vn/viec-lam/nhan-vien-thiet-ke-designer-creative-design-luong-den-18-trieu/2299676.html?ta_source=JobSearchList_LinkDetail&u_sr_id=kSUctBh3WRHWwsfCERWWwblpIw1Nge4kQbt3vnGA_1789492167
